photoid,label,longitude,latitude, downloadurl
6960622561,0,141.351608,43.06673,http://farm8.staticflickr.com/7062/6960622561_f6f90e7423.jpg
6122177415,1,141.350097,43.066881,http://farm7.staticflickr.com/6069/6122177415_56b8455450.jpg
3261815217,2,141.350269,43.066174,http://farm4.staticflickr.com/3363/3261815217_f72dcdcde7.jpg
9065880075,-1,141.351166,43.068666,http://farm4.staticflickr.com/3676/9065880075_4c82d8f561.jpg
7675987218,4,141.3508,43.068624,http://farm9.staticflickr.com/8291/7675987218_5dbb076303.jpg
13965134303,-1,141.350594,43.066677,http://farm3.staticflickr.com/2937/13965134303_75afb59601.jpg
6122715126,9,141.350097,43.066881,http://farm7.staticflickr.com/6200/6122715126_76f05783b9.jpg
4629326447,3,141.349777,43.067055,http://farm4.staticflickr.com/3397/4629326447_2b2e3b0297.jpg
4221216781,4,141.350801,43.068625,http://farm5.staticflickr.com/4014/4221216781_ecfe8d9a8a.jpg
36522949,-1,141.353015,43.068386,http://farm1.staticflickr.com/28/36522949_c9b7316214.jpg
2746421426,5,141.352329,43.068511,http://farm4.staticflickr.com/3045/2746421426_5e4deaa99b.jpg
13941972182,6,141.352163,43.067913,http://farm8.staticflickr.com/7168/13941972182_f2624a2856.jpg
3262642954,2,141.350269,43.066174,http://farm4.staticflickr.com/3533/3262642954_538a045338.jpg
13658199794,-1,141.35244,43.068281,http://farm3.staticflickr.com/2813/13658199794_eb59bb6954.jpg
2667168841,-1,141.350055,43.068578,http://farm4.staticflickr.com/3166/2667168841_5bafe9d423.jpg
9035406313,7,141.350777,43.068611,http://farm4.staticflickr.com/3714/9035406313_3c644898c0.jpg
5338161279,-1,141.352059,43.068681,http://farm6.staticflickr.com/5206/5338161279_8ec3252b92.jpg
9028411145,-1,141.352726,43.067719,http://farm8.staticflickr.com/7315/9028411145_77672b7c19.jpg
7034568133,6,141.352972,43.068198,http://farm8.staticflickr.com/7243/7034568133_136d79d2be.jpg
2746419944,5,141.352329,43.068511,http://farm4.staticflickr.com/3284/2746419944_a2e4e0391f.jpg
3212166275,8,141.351997,43.066761,http://farm4.staticflickr.com/3125/3212166275_a463d03a3b.jpg
5842043005,-1,141.349347,43.066772,http://farm3.staticflickr.com/2596/5842043005_bf31cd27b3.jpg
3681617458,9,141.350235,43.067015,http://farm4.staticflickr.com/3192/3681617458_20fa66330d.jpg
5022989982,-1,141.351915,43.067421,http://farm5.staticflickr.com/4103/5022989982_0f8aa1e383.jpg
2667169359,-1,141.350055,43.068578,http://farm4.staticflickr.com/3203/2667169359_5c57346700.jpg
12023085844,10,141.351027,43.066997,http://farm8.staticflickr.com/7428/12023085844_9a0045012a.jpg
6026008588,11,141.349961,43.068,http://farm7.staticflickr.com/6136/6026008588_772615c8b1.jpg
3262646348,2,141.350269,43.066174,http://farm4.staticflickr.com/3341/3262646348_a5138733ca.jpg
13657926985,4,141.350699,43.068567,http://farm8.staticflickr.com/7016/13657926985_909dac5690.jpg
9025358234,12,141.351792,43.067539,http://farm4.staticflickr.com/3800/9025358234_814a851a8b.jpg
2746416692,5,141.352329,43.068511,http://farm4.staticflickr.com/3133/2746416692_27e447f565.jpg
9123938864,13,141.350398,43.067688,http://farm8.staticflickr.com/7448/9123938864_e1975f411c.jpg
13504963924,-1,141.350586,43.065895,http://farm8.staticflickr.com/7203/13504963924_e9541f6962.jpg
106822990,4,141.35044,43.068699,http://farm1.staticflickr.com/28/106822990_66027a6a11.jpg
2638083785,-1,141.350826,43.068668,http://farm4.staticflickr.com/3053/2638083785_389d69348c.jpg
6618067733,-1,141.350709,43.067422,http://farm8.staticflickr.com/7161/6618067733_ef77ee3363.jpg
9030642918,7,141.350709,43.068809,http://farm6.staticflickr.com/5541/9030642918_9567321128.jpg
3949685833,4,141.350878,43.068638,http://farm3.staticflickr.com/2619/3949685833_4f359a5f3e.jpg
9123936586,-1,141.350398,43.067688,http://farm3.staticflickr.com/2882/9123936586_abde4be369.jpg
6814256313,4,141.3508,43.068624,http://farm8.staticflickr.com/7164/6814256313_1156979404.jpg
2745578613,5,141.352329,43.068511,http://farm4.staticflickr.com/3038/2745578613_093ed0a1fb.jpg
4629939020,3,141.349916,43.067,http://farm5.staticflickr.com/4010/4629939020_e42d314e3d.jpg
5338748044,-1,141.349877,43.068321,http://farm6.staticflickr.com/5246/5338748044_953f9bae72.jpg
106799507,-1,141.350955,43.066881,http://farm1.staticflickr.com/47/106799507_bc08355c8b.jpg
6023383971,9,141.350491,43.066963,http://farm7.staticflickr.com/6083/6023383971_a907d1b761.jpg
13994638915,-1,141.35205,43.067324,http://farm8.staticflickr.com/7308/13994638915_20ab8a60e7.jpg
2746418390,5,141.352329,43.068511,http://farm4.staticflickr.com/3192/2746418390_1e838059eb.jpg
4847716585,-1,141.351467,43.06794,http://farm5.staticflickr.com/4090/4847716585_9dac3a1e7a.jpg
5042798327,17,141.35021,43.067469,http://farm5.staticflickr.com/4085/5042798327_88c07dd4ed.jpg
6814372896,14,141.351608,43.06673,http://farm8.staticflickr.com/7057/6814372896_094acb1111.jpg
6888468626,6,141.352972,43.068151,http://farm8.staticflickr.com/7254/6888468626_8c44cf3760.jpg
6888481058,6,141.352972,43.068151,http://farm8.staticflickr.com/7046/6888481058_7892c0641b.jpg
6914493774,4,141.351081,43.068522,http://farm8.staticflickr.com/7188/6914493774_aafcb15ba8.jpg
36520840,15,141.353015,43.068386,http://farm1.staticflickr.com/29/36520840_2491466140.jpg
3873310255,-1,141.350801,43.068625,http://farm3.staticflickr.com/2638/3873310255_a350bbac50.jpg
4728858445,-1,141.34943,43.06843,http://farm2.staticflickr.com/1072/4728858445_c0939cc000.jpg
5462280344,6,141.352777,43.068111,http://farm6.staticflickr.com/5213/5462280344_22c23dff0c.jpg
8518040788,-1,141.35117,43.068668,http://farm9.staticflickr.com/8109/8518040788_18737ee561.jpg
2127574525,-1,141.350526,43.06826,http://farm3.staticflickr.com/2235/2127574525_ac1208ba3d.jpg
6122709954,1,141.350097,43.066881,http://farm7.staticflickr.com/6088/6122709954_aa2d17a597.jpg
8618405180,6,141.352651,43.068872,http://farm9.staticflickr.com/8124/8618405180_7cc39e97b4.jpg
106799560,10,141.350955,43.066881,http://farm1.staticflickr.com/53/106799560_0c3cf39f89.jpg
8443199675,7,141.351213,43.068683,http://farm9.staticflickr.com/8089/8443199675_f05586967f.jpg
9066501296,7,141.350709,43.068809,http://farm3.staticflickr.com/2876/9066501296_c47a05453f.jpg
12746892684,10,141.350555,43.066666,http://farm4.staticflickr.com/3735/12746892684_5e45164480.jpg
3262645994,2,141.350269,43.066174,http://farm4.staticflickr.com/3303/3262645994_93ceb4806e.jpg
8443196979,7,141.351213,43.068683,http://farm9.staticflickr.com/8093/8443196979_26ca71c128.jpg
6055639959,4,141.350799,43.068626,http://farm7.staticflickr.com/6189/6055639959_f29c59af90.jpg
3382105854,10,141.350763,43.066716,http://farm4.staticflickr.com/3577/3382105854_8eda2f08a7.jpg
3261818329,2,141.350269,43.066174,http://farm4.staticflickr.com/3379/3261818329_4104081860.jpg
9037712402,16,141.350638,43.068655,http://farm4.staticflickr.com/3809/9037712402_2212144228.jpg
6888476630,6,141.35293,43.068072,http://farm8.staticflickr.com/7094/6888476630_03a8800175.jpg
6960636243,0,141.351608,43.06673,http://farm8.staticflickr.com/7066/6960636243_14f22142fc.jpg
3933766826,17,141.35044,43.067508,http://farm3.staticflickr.com/2551/3933766826_dfaf4686ca.jpg
106823046,7,141.35044,43.068699,http://farm1.staticflickr.com/51/106823046_0e4e1e06b7.jpg
6814515174,0,141.351608,43.06673,http://farm8.staticflickr.com/7051/6814515174_f3cfae7a2e.jpg
6914495110,4,141.351081,43.068522,http://farm6.staticflickr.com/5333/6914495110_11163c0dd5.jpg
4629919836,3,141.349777,43.067,http://farm5.staticflickr.com/4008/4629919836_a670329d23.jpg
7786802252,6,141.352543,43.068166,http://farm9.staticflickr.com/8438/7786802252_c80df05918.jpg
7636233710,-1,141.350419,43.068652,http://farm9.staticflickr.com/8022/7636233710_30d77cf37e.jpg
4240878426,4,141.350801,43.068625,http://farm5.staticflickr.com/4049/4240878426_0408773450.jpg
9123938256,13,141.350398,43.067688,http://farm4.staticflickr.com/3742/9123938256_249aed09ed.jpg
9123935896,-1,141.350398,43.067688,http://farm4.staticflickr.com/3726/9123935896_7a653eac5b.jpg
4224937372,4,141.350801,43.068625,http://farm3.staticflickr.com/2719/4224937372_a0c4d5d6a7.jpg
3659654782,-1,141.349776,43.066031,http://farm3.staticflickr.com/2426/3659654782_4d8928387f.jpg
5890558306,-1,141.349625,43.067069,http://farm6.staticflickr.com/5035/5890558306_fc4c4268b0.jpg
106822963,7,141.35044,43.068699,http://farm1.staticflickr.com/47/106822963_961b936054.jpg
4629330461,18,141.349777,43.067027,http://farm5.staticflickr.com/4029/4629330461_60e95ab95f.jpg
4629305353,-1,141.351055,43.066611,http://farm5.staticflickr.com/4008/4629305353_704bb3242d.jpg
6960427565,0,141.351608,43.06673,http://farm8.staticflickr.com/7182/6960427565_6c8662d1fb.jpg
3262644566,2,141.350269,43.066174,http://farm4.staticflickr.com/3423/3262644566_a9e7133702.jpg
4240886044,4,141.350801,43.068625,http://farm3.staticflickr.com/2615/4240886044_2237420fbb.jpg
2746410878,5,141.352329,43.068511,http://farm4.staticflickr.com/3119/2746410878_2daa775536.jpg
5042809423,17,141.35021,43.067476,http://farm5.staticflickr.com/4105/5042809423_33786ec5d5.jpg
13658154324,6,141.35244,43.068281,http://farm8.staticflickr.com/7160/13658154324_6275a3f97d.jpg
13658206054,19,141.35244,43.068281,http://farm8.staticflickr.com/7127/13658206054_d0183a833f.jpg
9035486015,7,141.350777,43.068611,http://farm8.staticflickr.com/7385/9035486015_16325b3760.jpg
3933764366,17,141.35044,43.067508,http://farm3.staticflickr.com/2494/3933764366_9a51ae56cf.jpg
12746581483,-1,141.350833,43.067222,http://farm6.staticflickr.com/5480/12746581483_df9da9aa3e.jpg
9482731047,-1,141.351666,43.0685,http://farm3.staticflickr.com/2854/9482731047_008a8da734.jpg
2735435233,24,141.352393,43.068245,http://farm4.staticflickr.com/3002/2735435233_cb2350406e.jpg
7994160881,6,141.352415,43.068174,http://farm9.staticflickr.com/8029/7994160881_0c86d5664e.jpg
4221239629,4,141.350801,43.068625,http://farm3.staticflickr.com/2499/4221239629_733a05f5fd.jpg
3950473414,7,141.350878,43.068638,http://farm3.staticflickr.com/2525/3950473414_acee4fecd4.jpg
6814546202,-1,141.351608,43.06673,http://farm8.staticflickr.com/7194/6814546202_939780605c.jpg
7981708858,4,141.3508,43.068624,http://farm9.staticflickr.com/8313/7981708858_d939fb4a4f.jpg
9197344240,7,141.3508,43.068625,http://farm6.staticflickr.com/5452/9197344240_f2bdca87c4.jpg
7034563525,6,141.35293,43.068135,http://farm8.staticflickr.com/7251/7034563525_11c4be3237.jpg
4221225003,4,141.350801,43.068625,http://farm5.staticflickr.com/4060/4221225003_958f377b78.jpg
2746415222,5,141.352329,43.068511,http://farm4.staticflickr.com/3279/2746415222_10dd3009c7.jpg
4221993246,4,141.350801,43.068625,http://farm5.staticflickr.com/4040/4221993246_aca2e446fb.jpg
12746567723,20,141.35,43.068055,http://farm6.staticflickr.com/5527/12746567723_871c65700f.jpg
3261816799,2,141.350269,43.066174,http://farm4.staticflickr.com/3333/3261816799_79be204159.jpg
2745573951,-1,141.352329,43.068511,http://farm4.staticflickr.com/3182/2745573951_7d67dd9a08.jpg
6888467348,6,141.35293,43.068072,http://farm8.staticflickr.com/7131/6888467348_d89ffd4e99.jpg
3262646160,2,141.350269,43.066174,http://farm4.staticflickr.com/3531/3262646160_7d77b75376.jpg
8270339231,-1,141.349833,43.068333,http://farm9.staticflickr.com/8342/8270339231_b7e4f93efb.jpg
3213020604,8,141.351941,43.067058,http://farm4.staticflickr.com/3103/3213020604_5d9e7b1843.jpg
4240880940,4,141.350801,43.068625,http://farm5.staticflickr.com/4071/4240880940_e896b16f40.jpg
13657940733,4,141.350699,43.068567,http://farm4.staticflickr.com/3757/13657940733_65c7f61fa6.jpg
36520842,15,141.353015,43.068386,http://farm1.staticflickr.com/29/36520842_558723d4b3.jpg
6811826517,6,141.352667,43.068248,http://farm8.staticflickr.com/7033/6811826517_4b3643074c.jpg
2467164608,4,141.350801,43.068625,http://farm3.staticflickr.com/2173/2467164608_0ff4ec9395.jpg
8047048842,-1,141.350569,43.06643,http://farm9.staticflickr.com/8033/8047048842_24ce8f6663.jpg
2746412118,5,141.352329,43.068511,http://farm4.staticflickr.com/3158/2746412118_cbce4a12c1.jpg
106823091,7,141.35044,43.068699,http://farm1.staticflickr.com/55/106823091_0cb1587a38.jpg
4691005946,-1,141.350627,43.066975,http://farm5.staticflickr.com/4062/4691005946_4cbb32c987.jpg
13655173455,4,141.350699,43.068567,http://farm4.staticflickr.com/3681/13655173455_be4780a7af.jpg
4221995528,4,141.350801,43.068625,http://farm5.staticflickr.com/4063/4221995528_22b0e24545.jpg
3261817923,2,141.350269,43.066174,http://farm4.staticflickr.com/3393/3261817923_6d811e6723.jpg
13187463965,27,141.350591,43.065894,http://farm4.staticflickr.com/3797/13187463965_0945781df0.jpg
4696408745,-1,141.350044,43.068322,http://farm5.staticflickr.com/4041/4696408745_712d387325.jpg
4696413275,-1,141.351991,43.068872,http://farm5.staticflickr.com/4072/4696413275_4fe5299d97.jpg
3261819971,2,141.350269,43.066174,http://farm4.staticflickr.com/3325/3261819971_714d16a733.jpg
106822919,7,141.35044,43.068699,http://farm1.staticflickr.com/28/106822919_f572d0915f.jpg
106822875,7,141.35044,43.068699,http://farm1.staticflickr.com/52/106822875_a4829675ac.jpg
6023385735,9,141.350411,43.067072,http://farm7.staticflickr.com/6079/6023385735_110f69ec99.jpg
13657849593,6,141.35244,43.068281,http://farm8.staticflickr.com/7302/13657849593_73609485f3.jpg
6145275635,1,141.350097,43.066881,http://farm7.staticflickr.com/6077/6145275635_f1e3d25fdf.jpg
6025446035,11,141.349991,43.067947,http://farm7.staticflickr.com/6207/6025446035_4a656b5cbb.jpg
2745580017,5,141.352329,43.068511,http://farm4.staticflickr.com/3164/2745580017_4879460f24.jpg
6025455999,11,141.349941,43.068036,http://farm7.staticflickr.com/6196/6025455999_4098159c31.jpg
7990725730,-1,141.350828,43.067095,http://farm9.staticflickr.com/8041/7990725730_0c15c0ca6d.jpg
9025358660,12,141.351792,43.067539,http://farm8.staticflickr.com/7417/9025358660_e913eae2f2.jpg
2467165406,7,141.350801,43.068625,http://farm3.staticflickr.com/2338/2467165406_c361ecb4d8.jpg
12400724244,17,141.350709,43.067422,http://farm8.staticflickr.com/7322/12400724244_ec8372d222.jpg
13941971021,7,141.350236,43.068616,http://farm8.staticflickr.com/7175/13941971021_c93b0c087e.jpg
6914489324,7,141.351081,43.068522,http://farm6.staticflickr.com/5464/6914489324_e960ff7808.jpg
6615195351,7,141.3508,43.068624,http://farm8.staticflickr.com/7033/6615195351_50c4de31fe.jpg
36522946,-1,141.353015,43.068386,http://farm1.staticflickr.com/21/36522946_ef7094c30d.jpg
6012355945,-1,141.3508,43.068624,http://farm7.staticflickr.com/6146/6012355945_c8bcd8277d.jpg
2745583047,5,141.352329,43.068511,http://farm4.staticflickr.com/3291/2745583047_e41be177a7.jpg
194087768,4,141.35044,43.068699,http://farm1.staticflickr.com/61/194087768_35afef1929.jpg
8762847438,7,141.350762,43.068629,http://farm6.staticflickr.com/5339/8762847438_8318790e91.jpg
6023920720,7,141.351319,43.068388,http://farm7.staticflickr.com/6202/6023920720_f23359f608.jpg
12746897994,-1,141.350555,43.066666,http://farm8.staticflickr.com/7341/12746897994_4482935007.jpg
4566831751,-1,141.352127,43.066305,http://farm5.staticflickr.com/4026/4566831751_dc242c404b.jpg
2667170191,-1,141.350055,43.068578,http://farm4.staticflickr.com/3035/2667170191_09590a6bc6.jpg
8050108952,-1,141.350709,43.067422,http://farm9.staticflickr.com/8182/8050108952_d90694bc66.jpg
5043417908,-1,141.350264,43.06743,http://farm5.staticflickr.com/4144/5043417908_6838568e57.jpg
3262644122,2,141.350269,43.066174,http://farm4.staticflickr.com/3386/3262644122_bc958ae985.jpg
9025356180,4,141.350709,43.068809,http://farm6.staticflickr.com/5468/9025356180_276ba08fab.jpg
5908407512,6,141.352415,43.068511,http://farm7.staticflickr.com/6028/5908407512_6cdd779cd2.jpg
6960537537,0,141.351608,43.06673,http://farm8.staticflickr.com/7038/6960537537_4b761b1688.jpg
5462290150,6,141.35305,43.068258,http://farm6.staticflickr.com/5258/5462290150_48bba8f9eb.jpg
7683755412,-1,141.350709,43.067422,http://farm9.staticflickr.com/8433/7683755412_e7d2a84258.jpg
106799711,10,141.350955,43.066881,http://farm1.staticflickr.com/45/106799711_f1ea898f76.jpg
9035403993,7,141.350777,43.068611,http://farm8.staticflickr.com/7283/9035403993_b88b775ec7.jpg
5889983559,-1,141.350787,43.067289,http://farm7.staticflickr.com/6051/5889983559_2078e0d44c.jpg
6122722914,1,141.350097,43.066881,http://farm7.staticflickr.com/6089/6122722914_2bbd3547fa.jpg
2910871749,-1,141.349968,43.068856,http://farm4.staticflickr.com/3008/2910871749_fbdc1d0bf3.jpg
5252878725,-1,141.3508,43.068626,http://farm6.staticflickr.com/5244/5252878725_d5a0e71eff.jpg
6056187424,4,141.350799,43.068626,http://farm7.staticflickr.com/6089/6056187424_c163ccb59a.jpg
9194153805,7,141.3508,43.068625,http://farm8.staticflickr.com/7383/9194153805_b5b803b490.jpg
4221994382,4,141.350801,43.068625,http://farm5.staticflickr.com/4050/4221994382_453841bc88.jpg
6960480285,-1,141.351608,43.06673,http://farm8.staticflickr.com/7057/6960480285_c719fa3eee.jpg
4617271784,-1,141.3508,43.068626,http://farm5.staticflickr.com/4023/4617271784_22473e5ece.jpg
9065881737,8,141.352333,43.067,http://farm6.staticflickr.com/5511/9065881737_9309cbb71d.jpg
4221215625,4,141.350801,43.068625,http://farm5.staticflickr.com/4062/4221215625_315371fd17.jpg
6816352271,-1,141.3508,43.068624,http://farm8.staticflickr.com/7168/6816352271_167037c6cc.jpg
4870680509,29,141.350826,43.067312,http://farm5.staticflickr.com/4081/4870680509_8d638caf3f.jpg
106822778,7,141.35044,43.068699,http://farm1.staticflickr.com/52/106822778_d674287831.jpg
8444282884,7,141.351213,43.068683,http://farm9.staticflickr.com/8502/8444282884_f75b4c727d.jpg
4221236097,4,141.350801,43.068625,http://farm5.staticflickr.com/4058/4221236097_c3d081f8eb.jpg
6960642449,0,141.351608,43.06673,http://farm8.staticflickr.com/7036/6960642449_32fed0f778.jpg
9196942002,-1,141.3508,43.068625,http://farm8.staticflickr.com/7435/9196942002_1de906d934.jpg
9197360102,7,141.350724,43.068655,http://farm8.staticflickr.com/7338/9197360102_73b1f1f247.jpg
8443191001,7,141.351213,43.068683,http://farm9.staticflickr.com/8090/8443191001_c06acc8bca.jpg
6814340108,0,141.351608,43.06673,http://farm8.staticflickr.com/7181/6814340108_0870200e8b.jpg
8271406002,-1,141.349833,43.068333,http://farm9.staticflickr.com/8062/8271406002_5667e927b5.jpg
2667989648,-1,141.350055,43.068578,http://farm4.staticflickr.com/3150/2667989648_40856f03af.jpg
6960605037,0,141.351608,43.06673,http://farm8.staticflickr.com/7198/6960605037_3e1c06b08d.jpg
4240876226,4,141.350801,43.068625,http://farm5.staticflickr.com/4062/4240876226_b85984204c.jpg
6025449501,11,141.349983,43.067963,http://farm7.staticflickr.com/6199/6025449501_c5851f00a8.jpg
7060568765,7,141.351081,43.068522,http://farm6.staticflickr.com/5335/7060568765_5a6f9e57dd.jpg
7272112168,-1,141.349464,43.066307,http://farm8.staticflickr.com/7101/7272112168_8cc791780f.jpg
4697046022,-1,141.350122,43.069011,http://farm2.staticflickr.com/1272/4697046022_3a164f4edd.jpg
2745587279,5,141.352329,43.068511,http://farm4.staticflickr.com/3078/2745587279_93e1a74761.jpg
2758186255,5,141.352329,43.068511,http://farm4.staticflickr.com/3037/2758186255_1a63afa630.jpg
2737346347,-1,141.351669,43.066772,http://farm4.staticflickr.com/3117/2737346347_a32f4a4eb2.jpg
3950465340,4,141.350878,43.068638,http://farm3.staticflickr.com/2564/3950465340_a20469ed3a.jpg
2466336631,4,141.350801,43.068625,http://farm4.staticflickr.com/3063/2466336631_b9091dcbab.jpg
6624483729,9,141.350448,43.067077,http://farm8.staticflickr.com/7033/6624483729_432d0fa7d6.jpg
6816362823,6,141.352667,43.068248,http://farm8.staticflickr.com/7002/6816362823_71567f9b56.jpg
5338133275,21,141.349877,43.068322,http://farm6.staticflickr.com/5085/5338133275_f06b50f58a.jpg
2458643343,4,141.350801,43.068625,http://farm4.staticflickr.com/3074/2458643343_848266c847.jpg
4456944575,-1,141.350611,43.067895,http://farm3.staticflickr.com/2741/4456944575_b6f22ce51b.jpg
5461696657,6,141.352616,43.068208,http://farm6.staticflickr.com/5256/5461696657_b4b67b1442.jpg
6122730002,-1,141.350097,43.066881,http://farm7.staticflickr.com/6089/6122730002_74affb39e8.jpg
9028399605,22,141.351009,43.068229,http://farm6.staticflickr.com/5446/9028399605_aba81737fe.jpg
9031248564,22,141.351009,43.068229,http://farm3.staticflickr.com/2859/9031248564_241809964c.jpg
6902890161,6,141.352667,43.068248,http://farm8.staticflickr.com/7042/6902890161_e4db51e485.jpg
4486305958,17,141.350194,43.067658,http://farm5.staticflickr.com/4018/4486305958_a2b643d60b.jpg
9197315358,7,141.3508,43.068625,http://farm3.staticflickr.com/2892/9197315358_eb6c16909f.jpg
5461445245,21,141.349763,43.06855,http://farm6.staticflickr.com/5091/5461445245_15b5392d08.jpg
3933759144,-1,141.35044,43.067508,http://farm3.staticflickr.com/2570/3933759144_39a487551c.jpg
12746865154,-1,141.35,43.067777,http://farm8.staticflickr.com/7396/12746865154_3fb1455ff1.jpg
12746571653,20,141.35,43.068055,http://farm4.staticflickr.com/3692/12746571653_143d5467b6.jpg
5022375857,12,141.352044,43.067461,http://farm5.staticflickr.com/4152/5022375857_54d086791f.jpg
9348093553,7,141.3508,43.068625,http://farm3.staticflickr.com/2811/9348093553_fcd4105716.jpg
2759021726,5,141.352329,43.068511,http://farm4.staticflickr.com/3068/2759021726_4f4a55eb21.jpg
106797904,-1,141.35147,43.068762,http://farm1.staticflickr.com/51/106797904_a977735493.jpg
5338760156,21,141.349496,43.068273,http://farm6.staticflickr.com/5130/5338760156_09eb30142b.jpg
8032332660,-1,141.349938,43.068521,http://farm9.staticflickr.com/8453/8032332660_6abb1fdab7.jpg
4221235367,4,141.350801,43.068625,http://farm5.staticflickr.com/4046/4221235367_3e6c200413.jpg
6814415624,0,141.351608,43.06673,http://farm8.staticflickr.com/7044/6814415624_3d6bcf3b9d.jpg
9025357536,23,141.351009,43.068229,http://farm9.staticflickr.com/8264/9025357536_67d745ccef.jpg
3261818769,2,141.350269,43.066174,http://farm4.staticflickr.com/3402/3261818769_1cdb47f8fa.jpg
13657823345,6,141.35244,43.068281,http://farm4.staticflickr.com/3729/13657823345_f4f80b9715.jpg
4239094550,-1,141.35044,43.066379,http://farm3.staticflickr.com/2496/4239094550_88c554ec7b.jpg
12023024323,-1,141.349219,43.066605,http://farm4.staticflickr.com/3755/12023024323_05bb4fbbc4.jpg
4240111027,4,141.350801,43.068625,http://farm5.staticflickr.com/4043/4240111027_42fa7787c0.jpg
6914492026,7,141.351081,43.068522,http://farm8.staticflickr.com/7229/6914492026_1753984011.jpg
3212174111,8,141.352269,43.066655,http://farm4.staticflickr.com/3332/3212174111_62396f5f3e.jpg
2458644415,4,141.350801,43.068625,http://farm4.staticflickr.com/3151/2458644415_092f89b18c.jpg
13658146934,-1,141.35244,43.068281,http://farm4.staticflickr.com/3670/13658146934_8e956d5e62.jpg
3802928073,19,141.352517,43.068167,http://farm4.staticflickr.com/3503/3802928073_800da35a60.jpg
6201758664,-1,141.350827,43.065533,http://farm7.staticflickr.com/6175/6201758664_49cf75ebe3.jpg
4240874014,4,141.350801,43.068625,http://farm5.staticflickr.com/4003/4240874014_80912de3ca.jpg
2746411300,5,141.352329,43.068511,http://farm3.staticflickr.com/2180/2746411300_5b61b46d7a.jpg
4221987070,4,141.350801,43.068625,http://farm3.staticflickr.com/2491/4221987070_cb0b05b165.jpg
6816706533,24,141.352667,43.068248,http://farm8.staticflickr.com/7007/6816706533_555cb3c3a8.jpg
6023382337,-1,141.350708,43.066675,http://farm7.staticflickr.com/6201/6023382337_4ac567c23b.jpg
6914486930,7,141.351081,43.068522,http://farm6.staticflickr.com/5079/6914486930_bbc2c69bec.jpg
4847711759,29,141.351062,43.067547,http://farm5.staticflickr.com/4128/4847711759_f33c560d02.jpg
5338767696,25,141.35206,43.068681,http://farm6.staticflickr.com/5126/5338767696_1aee95b8e3.jpg
8947285440,-1,141.351234,43.06808,http://farm9.staticflickr.com/8264/8947285440_c984f0c3c7.jpg
13658193754,-1,141.35244,43.068281,http://farm8.staticflickr.com/7429/13658193754_d30094de27.jpg
4221984334,4,141.350801,43.068625,http://farm3.staticflickr.com/2594/4221984334_bff918f8fd.jpg
5338763936,-1,141.35192,43.068645,http://farm6.staticflickr.com/5087/5338763936_fb436da682.jpg
9035484761,7,141.350777,43.068611,http://farm4.staticflickr.com/3769/9035484761_05627ae36a.jpg
9065880161,-1,141.3535,43.068166,http://farm6.staticflickr.com/5323/9065880161_4bdbde9b03.jpg
4567463792,26,141.351558,43.067213,http://farm5.staticflickr.com/4072/4567463792_e161522a2f.jpg
8271406682,-1,141.349833,43.0685,http://farm9.staticflickr.com/8084/8271406682_eef57bde8d.jpg
6960421263,-1,141.351608,43.06673,http://farm8.staticflickr.com/7179/6960421263_b50e3c439b.jpg
5042803435,17,141.35022,43.067531,http://farm5.staticflickr.com/4090/5042803435_010c11e769.jpg
6202911549,25,141.35205,43.068832,http://farm7.staticflickr.com/6028/6202911549_bac31495e2.jpg
5842589162,6,141.353,43.068269,http://farm3.staticflickr.com/2500/5842589162_6d531dd9f5.jpg
9121714315,13,141.350398,43.067688,http://farm8.staticflickr.com/7427/9121714315_e0474da282.jpg
9037703542,4,141.350777,43.068611,http://farm6.staticflickr.com/5449/9037703542_079150a1a5.jpg
7994052335,-1,141.351259,43.067929,http://farm9.staticflickr.com/8441/7994052335_acb01764b4.jpg
3261815461,2,141.350269,43.066174,http://farm4.staticflickr.com/3312/3261815461_1fb8dfd334.jpg
3212176065,8,141.35203,43.066708,http://farm4.staticflickr.com/3476/3212176065_e46b7e5a41.jpg
6145272859,1,141.350097,43.066881,http://farm7.staticflickr.com/6207/6145272859_0d68f30190.jpg
5461449321,21,141.349763,43.06855,http://farm6.staticflickr.com/5216/5461449321_7792b0cefe.jpg
4221221105,4,141.350801,43.068625,http://farm3.staticflickr.com/2665/4221221105_0e68ab6e32.jpg
36520843,15,141.353015,43.068386,http://farm1.staticflickr.com/29/36520843_21175d1e89.jpg
3933769208,17,141.35044,43.067508,http://farm3.staticflickr.com/2457/3933769208_60e224ef44.jpg
3261818481,2,141.350269,43.066174,http://farm4.staticflickr.com/3078/3261818481_42bbe702e9.jpg
8270340303,-1,141.35,43.0685,http://farm9.staticflickr.com/8060/8270340303_2cde09108c.jpg
4693689410,3,141.349552,43.066891,http://farm5.staticflickr.com/4060/4693689410_68dca8c1f6.jpg
36520845,15,141.353015,43.068386,http://farm1.staticflickr.com/21/36520845_d9153a1ab4.jpg
194087755,4,141.35044,43.068699,http://farm1.staticflickr.com/51/194087755_0f22b947ed.jpg
36520844,15,141.353015,43.068386,http://farm1.staticflickr.com/22/36520844_819061b157.jpg
9123942610,4,141.350709,43.068809,http://farm8.staticflickr.com/7317/9123942610_9eb119efde.jpg
3873307989,4,141.350801,43.068625,http://farm4.staticflickr.com/3420/3873307989_a9c87775c8.jpg
6851327209,-1,141.349472,43.066916,http://farm8.staticflickr.com/7022/6851327209_ebfcfdd3f9.jpg
9123939464,13,141.350398,43.067688,http://farm8.staticflickr.com/7444/9123939464_aafd90283c.jpg
9194137187,7,141.3508,43.068625,http://farm8.staticflickr.com/7377/9194137187_4c1e099c75.jpg
3933761962,17,141.35044,43.067508,http://farm3.staticflickr.com/2483/3933761962_ae9a3a0d75.jpg
9194552757,7,141.3508,43.068625,http://farm4.staticflickr.com/3797/9194552757_5cd180f635.jpg
9196943002,-1,141.3508,43.068625,http://farm8.staticflickr.com/7394/9196943002_90f916c3aa.jpg
3261819695,2,141.350269,43.066174,http://farm4.staticflickr.com/3394/3261819695_83a4a3961a.jpg
6260476272,-1,141.350937,43.068514,http://farm7.staticflickr.com/6168/6260476272_20382ce3c5.jpg
13657837163,-1,141.35244,43.068281,http://farm4.staticflickr.com/3833/13657837163_415e4a52b8.jpg
7158064822,16,141.350801,43.068625,http://farm8.staticflickr.com/7245/7158064822_0d50681a76.jpg
3867433612,7,141.350801,43.068625,http://farm4.staticflickr.com/3076/3867433612_c32ee7c5a2.jpg
4486305882,-1,141.350377,43.067938,http://farm3.staticflickr.com/2794/4486305882_179d758501.jpg
6122184209,-1,141.350097,43.066881,http://farm7.staticflickr.com/6191/6122184209_4e25179fa6.jpg
9123941952,19,141.352468,43.068448,http://farm6.staticflickr.com/5477/9123941952_71b246a387.jpg
4690373165,27,141.350772,43.065797,http://farm5.staticflickr.com/4036/4690373165_df2c7dff96.jpg
3261817001,-1,141.350269,43.066174,http://farm4.staticflickr.com/3405/3261817001_430d5ca23d.jpg
13965134503,18,141.350263,43.066944,http://farm8.staticflickr.com/7256/13965134503_1b24ee6b34.jpg
12746418465,20,141.35,43.068055,http://farm3.staticflickr.com/2871/12746418465_b61485976b.jpg
7034572659,6,141.352972,43.068103,http://farm8.staticflickr.com/7201/7034572659_cbebebef62.jpg
5338754302,21,141.349496,43.068274,http://farm6.staticflickr.com/5242/5338754302_176533f082.jpg
106822798,-1,141.35044,43.068699,http://farm1.staticflickr.com/47/106822798_8488c193e7.jpg
9194135197,7,141.3508,43.068625,http://farm8.staticflickr.com/7327/9194135197_9ca9360794.jpg
4693688510,3,141.349558,43.066875,http://farm5.staticflickr.com/4010/4693688510_e52d560544.jpg
13655497804,4,141.350699,43.068567,http://farm8.staticflickr.com/7398/13655497804_3830d5c075.jpg
9030628786,23,141.351009,43.068229,http://farm3.staticflickr.com/2834/9030628786_193f504116.jpg
8237407784,25,141.351667,43.068833,http://farm9.staticflickr.com/8206/8237407784_5f839924c2.jpg
2758198927,5,141.352329,43.068511,http://farm4.staticflickr.com/3254/2758198927_cd05703960.jpg
6960553331,0,141.351608,43.06673,http://farm8.staticflickr.com/7037/6960553331_6631bb0f00.jpg
12023086064,10,141.351027,43.066997,http://farm6.staticflickr.com/5475/12023086064_b763ec00b1.jpg
6960439213,-1,141.351608,43.06673,http://farm8.staticflickr.com/7045/6960439213_a35d0cc3d8.jpg
4629334279,3,141.349916,43.067,http://farm5.staticflickr.com/4026/4629334279_724e18f542.jpg
194087728,4,141.35044,43.068699,http://farm1.staticflickr.com/72/194087728_935c790544.jpg
2466338257,7,141.350801,43.068625,http://farm3.staticflickr.com/2007/2466338257_25b9d5980a.jpg
9194551809,7,141.3508,43.068625,http://farm6.staticflickr.com/5347/9194551809_49a12abc9b.jpg
2746417584,5,141.352329,43.068511,http://farm4.staticflickr.com/3035/2746417584_5e729f18a9.jpg
2758191519,-1,141.352329,43.068511,http://farm4.staticflickr.com/3121/2758191519_0b2f904f42.jpg
8636664646,6,141.352715,43.068981,http://farm9.staticflickr.com/8525/8636664646_64b6c07217.jpg
3261818131,2,141.350269,43.066174,http://farm4.staticflickr.com/3445/3261818131_b7c9a4b7a1.jpg
13658263324,4,141.350699,43.068567,http://farm4.staticflickr.com/3789/13658263324_62d55d976f.jpg
4693691402,3,141.349375,43.066866,http://farm5.staticflickr.com/4037/4693691402_bf96602581.jpg
6450058959,-1,141.3508,43.068624,http://farm8.staticflickr.com/7027/6450058959_cc2326a38d.jpg
12358567634,-1,141.350864,43.067949,http://farm3.staticflickr.com/2857/12358567634_6d8c357823.jpg
2260820766,-1,141.350967,43.068832,http://farm3.staticflickr.com/2204/2260820766_9ef442e6c1.jpg
5903214893,-1,141.351728,43.068527,http://farm7.staticflickr.com/6041/5903214893_661b750703.jpg
4221236949,4,141.350801,43.068625,http://farm3.staticflickr.com/2548/4221236949_b014978fd4.jpg
9194556505,7,141.3508,43.068625,http://farm4.staticflickr.com/3807/9194556505_b687bfd5d9.jpg
7683763650,-1,141.350376,43.067233,http://farm9.staticflickr.com/8163/7683763650_5aafb87e2c.jpg
5462285176,6,141.352608,43.068277,http://farm6.staticflickr.com/5134/5462285176_f65bf15af7.jpg
9064275303,4,141.350709,43.068809,http://farm8.staticflickr.com/7366/9064275303_fbbae81d61.jpg
13965145173,6,141.352113,43.068105,http://farm8.staticflickr.com/7208/13965145173_56503b8b5b.jpg
9196929450,7,141.3508,43.068625,http://farm6.staticflickr.com/5506/9196929450_f34e0758ec.jpg
8444288958,7,141.351213,43.068683,http://farm9.staticflickr.com/8096/8444288958_234de0af9a.jpg
5338162949,25,141.352226,43.068642,http://farm6.staticflickr.com/5128/5338162949_4fe8bc994d.jpg
9035483507,7,141.350777,43.068611,http://farm4.staticflickr.com/3764/9035483507_883313bfe4.jpg
4486293824,13,141.350155,43.067663,http://farm5.staticflickr.com/4042/4486293824_17e34b1c92.jpg
4693058533,3,141.349413,43.067058,http://farm5.staticflickr.com/4071/4693058533_02723e73bd.jpg
7377278330,4,141.3508,43.068624,http://farm9.staticflickr.com/8015/7377278330_a55a7ca149.jpg
9037702226,7,141.350777,43.068611,http://farm3.staticflickr.com/2832/9037702226_c1c34ff1c9.jpg
9030641536,22,141.351009,43.068229,http://farm3.staticflickr.com/2890/9030641536_2bef3ef9ee.jpg
4221999944,4,141.350801,43.068625,http://farm3.staticflickr.com/2759/4221999944_1df525b9c9.jpg
6814399646,14,141.351608,43.06673,http://farm8.staticflickr.com/7053/6814399646_73c5ce403e.jpg
4629911794,3,141.349444,43.06675,http://farm5.staticflickr.com/4011/4629911794_a6e93d21fb.jpg
6052562049,28,141.351139,43.067681,http://farm7.staticflickr.com/6189/6052562049_0bdd6b9ba7.jpg
2467165098,7,141.350801,43.068625,http://farm4.staticflickr.com/3214/2467165098_2e902b5485.jpg
5338757708,21,141.349496,43.068274,http://farm6.staticflickr.com/5126/5338757708_74d078bf87.jpg
8002650584,-1,141.351206,43.068241,http://farm9.staticflickr.com/8442/8002650584_20296be26d.jpg
6888465728,6,141.352972,43.068151,http://farm8.staticflickr.com/7062/6888465728_966862973c.jpg
6960447275,26,141.351608,43.06673,http://farm8.staticflickr.com/7047/6960447275_802381779b.jpg
3262645518,2,141.350269,43.066174,http://farm4.staticflickr.com/3362/3262645518_f50672c40f.jpg
9065836255,28,141.351166,43.067666,http://farm8.staticflickr.com/7316/9065836255_5c133b14fb.jpg
7994131587,6,141.352415,43.068174,http://farm9.staticflickr.com/8438/7994131587_f54c687880.jpg
7093048829,-1,141.3508,43.068624,http://farm6.staticflickr.com/5446/7093048829_1c815d64e4.jpg
6025998608,11,141.350002,43.067927,http://farm7.staticflickr.com/6065/6025998608_716e37980d.jpg
8444286286,7,141.351213,43.068683,http://farm9.staticflickr.com/8222/8444286286_68c80c8c30.jpg
9065881499,-1,141.351666,43.067,http://farm8.staticflickr.com/7289/9065881499_c5480b123e.jpg
9194152821,7,141.3508,43.068625,http://farm3.staticflickr.com/2822/9194152821_80bddb3998.jpg
9035470463,7,141.350777,43.068611,http://farm4.staticflickr.com/3781/9035470463_6dc69750e5.jpg
9123940754,19,141.352468,43.068448,http://farm6.staticflickr.com/5549/9123940754_9aae839c64.jpg
6914490512,7,141.351081,43.068522,http://farm8.staticflickr.com/7176/6914490512_2e5306c196.jpg
6814407464,0,141.351608,43.06673,http://farm8.staticflickr.com/7178/6814407464_c22d8c197a.jpg
4691007892,27,141.350808,43.065541,http://farm5.staticflickr.com/4023/4691007892_97a1d428b6.jpg
6888475624,6,141.352972,43.068213,http://farm8.staticflickr.com/7199/6888475624_6729bf6192.jpg
5462057312,21,141.349763,43.06855,http://farm6.staticflickr.com/5054/5462057312_bd4d0af58c.jpg
482266939,6,141.353,43.068269,http://farm1.staticflickr.com/185/482266939_e4b26b3cc7.jpg
2466353139,4,141.350801,43.068625,http://farm3.staticflickr.com/2210/2466353139_0460e89362.jpg
9030630106,12,141.351792,43.067539,http://farm4.staticflickr.com/3725/9030630106_d009eb73e5.jpg
3266267306,-1,141.350269,43.066174,http://farm4.staticflickr.com/3435/3266267306_0332257b6f.jpg
4629923460,3,141.349777,43.067027,http://farm4.staticflickr.com/3340/4629923460_595a0aa89c.jpg
3261817539,2,141.350269,43.066174,http://farm4.staticflickr.com/3375/3261817539_f7036ee4e0.jpg
5461692217,6,141.35275,43.068325,http://farm6.staticflickr.com/5212/5461692217_96c996d50e.jpg
6816357989,24,141.352667,43.068248,http://farm8.staticflickr.com/7158/6816357989_bcaa7c6174.jpg
7778405496,-1,141.350752,43.069193,http://farm8.staticflickr.com/7264/7778405496_b5a5464245.jpg
9030630730,-1,141.351009,43.068229,http://farm6.staticflickr.com/5485/9030630730_96a93b8896.jpg
3262642782,2,141.350269,43.066174,http://farm4.staticflickr.com/3320/3262642782_d23b2a4a46.jpg
6842804208,-1,141.3508,43.068624,http://farm8.staticflickr.com/7040/6842804208_d092a23cfd.jpg
6814068867,-1,141.352667,43.068248,http://farm8.staticflickr.com/7160/6814068867_11881a62ba.jpg
9197347168,7,141.3508,43.068625,http://farm8.staticflickr.com/7420/9197347168_a216a42ffa.jpg
6960617675,-1,141.351608,43.06673,http://farm8.staticflickr.com/7043/6960617675_0410971461.jpg
6914492794,7,141.351081,43.068522,http://farm6.staticflickr.com/5350/6914492794_46fa54cd5b.jpg
4221998996,4,141.350801,43.068625,http://farm3.staticflickr.com/2661/4221998996_130928de1d.jpg
5338777078,25,141.352226,43.068642,http://farm6.staticflickr.com/5164/5338777078_1637913b73.jpg
6055641265,-1,141.350427,43.067007,http://farm7.staticflickr.com/6062/6055641265_86a17728cf.jpg
3262643940,2,141.350269,43.066174,http://farm4.staticflickr.com/3365/3262643940_8fe0f30a28.jpg
6814177387,-1,141.352667,43.068248,http://farm8.staticflickr.com/7019/6814177387_91a574ef4f.jpg
2758188823,5,141.352329,43.068511,http://farm4.staticflickr.com/3220/2758188823_799b23589a.jpg
5338739550,-1,141.349877,43.068322,http://farm6.staticflickr.com/5206/5338739550_3ab4057bfa.jpg
13941985451,6,141.352477,43.068163,http://farm6.staticflickr.com/5589/13941985451_0bc7054121.jpg
7215544188,-1,141.350353,43.066452,http://farm6.staticflickr.com/5120/7215544188_bb3228001c.jpg
4871277284,3,141.349507,43.067023,http://farm5.staticflickr.com/4095/4871277284_c76c9de64b.jpg
4221227599,4,141.350801,43.068625,http://farm3.staticflickr.com/2521/4221227599_a9e2af3f3c.jpg
9065881455,26,141.351666,43.067,http://farm6.staticflickr.com/5496/9065881455_92ea1660df.jpg
8422560475,-1,141.351082,43.068768,http://farm9.staticflickr.com/8190/8422560475_ba9cc599ca.jpg
13941972221,7,141.350236,43.068616,http://farm8.staticflickr.com/7325/13941972221_c1a08ee479.jpg
106799648,10,141.350955,43.066881,http://farm1.staticflickr.com/41/106799648_993e8a6e72.jpg
12022819775,-1,141.350216,43.068855,http://farm8.staticflickr.com/7378/12022819775_b4142bf75c.jpg
5911237061,19,141.352329,43.068558,http://farm6.staticflickr.com/5319/5911237061_c86549a335.jpg
7683304984,-1,141.352447,43.068123,http://farm9.staticflickr.com/8007/7683304984_cee92c5448.jpg
2466338625,7,141.350801,43.068625,http://farm3.staticflickr.com/2331/2466338625_9c63b9b66e.jpg
6025459145,11,141.349925,43.068061,http://farm7.staticflickr.com/6063/6025459145_bcbc758833.jpg
9023126879,-1,141.351009,43.068229,http://farm6.staticflickr.com/5335/9023126879_242f9b7bb5.jpg
6052563243,28,141.351135,43.067682,http://farm7.staticflickr.com/6064/6052563243_0e83899210.jpg
4221989930,4,141.350801,43.068625,http://farm3.staticflickr.com/2755/4221989930_1df8094dc6.jpg
3949693981,7,141.350878,43.068638,http://farm4.staticflickr.com/3493/3949693981_3042065530.jpg
6814301500,14,141.351608,43.06673,http://farm8.staticflickr.com/7044/6814301500_fdf2cbb2e1.jpg
8444284692,7,141.351213,43.068683,http://farm9.staticflickr.com/8214/8444284692_4f08cb17a7.jpg
6960612927,0,141.351608,43.06673,http://farm8.staticflickr.com/7203/6960612927_d3a7ed4eb7.jpg
12358130495,-1,141.350864,43.067949,http://farm4.staticflickr.com/3754/12358130495_2b43b7253e.jpg
5338140169,21,141.349742,43.068297,http://farm6.staticflickr.com/5087/5338140169_f6c985f9ac.jpg
2738180344,26,141.351715,43.066844,http://farm4.staticflickr.com/3150/2738180344_2ea5ef3900.jpg
7778248568,4,141.3508,43.068624,http://farm9.staticflickr.com/8443/7778248568_c504434f1e.jpg
9065879923,6,141.352833,43.068,http://farm4.staticflickr.com/3820/9065879923_981f1fc24f.jpg
4629915818,-1,141.349833,43.066666,http://farm5.staticflickr.com/4034/4629915818_f775771556.jpg
4070526185,25,141.351837,43.06889,http://farm3.staticflickr.com/2602/4070526185_421b053c3c.jpg
9197345006,7,141.3508,43.068625,http://farm3.staticflickr.com/2842/9197345006_77792663bf.jpg
6888472220,6,141.352972,43.068151,http://farm8.staticflickr.com/7192/6888472220_5ed67c31d7.jpg
2737338933,26,141.351638,43.067119,http://farm4.staticflickr.com/3282/2737338933_391831e0c5.jpg
9030629546,23,141.351009,43.068229,http://farm8.staticflickr.com/7439/9030629546_4399dbbc41.jpg
2738184148,8,141.352264,43.066848,http://farm4.staticflickr.com/3014/2738184148_d299e9f0a0.jpg
9028416327,-1,141.350709,43.068809,http://farm6.staticflickr.com/5504/9028416327_cacff05f81.jpg
3205974367,-1,141.350805,43.069113,http://farm4.staticflickr.com/3082/3205974367_b185dd4fae.jpg
9194136235,7,141.3508,43.068625,http://farm6.staticflickr.com/5546/9194136235_0ab1088a42.jpg
9035481019,7,141.350777,43.068611,http://farm4.staticflickr.com/3707/9035481019_daf31488ec.jpg
2738176772,8,141.352157,43.066921,http://farm4.staticflickr.com/3253/2738176772_dd9834081e.jpg
8005558699,29,141.350998,43.067541,http://farm9.staticflickr.com/8319/8005558699_995301243a.jpg
9025356826,22,141.351009,43.068229,http://farm6.staticflickr.com/5321/9025356826_9f4a5c6fc4.jpg
2459479406,4,141.350801,43.068625,http://farm3.staticflickr.com/2103/2459479406_b564bab3ec.jpg
6814483938,0,141.351608,43.06673,http://farm8.staticflickr.com/7186/6814483938_2deb309f74.jpg
2746422816,5,141.352329,43.068511,http://farm4.staticflickr.com/3107/2746422816_0cb7ab08fb.jpg
3261818899,2,141.350269,43.066174,http://farm4.staticflickr.com/3316/3261818899_38cb6b45ea.jpg
9194558667,7,141.3508,43.068625,http://farm6.staticflickr.com/5336/9194558667_bac86b3920.jpg
4221219881,4,141.350801,43.068625,http://farm3.staticflickr.com/2570/4221219881_b2d1a3538b.jpg
9030642286,4,141.350709,43.068809,http://farm6.staticflickr.com/5527/9030642286_a711a466e9.jpg
9028400319,22,141.351009,43.068229,http://farm8.staticflickr.com/7376/9028400319_3a016dd28a.jpg
12746431625,-1,141.35,43.068055,http://farm4.staticflickr.com/3806/12746431625_53171137ed.jpg
12746554723,20,141.35,43.068055,http://farm4.staticflickr.com/3832/12746554723_ee0ba87f7f.jpg
6203425758,25,141.35205,43.068832,http://farm7.staticflickr.com/6160/6203425758_6ab7fc25ab.jpg
2467180186,4,141.350801,43.068625,http://farm4.staticflickr.com/3258/2467180186_46c3683b31.jpg
9121713577,13,141.350398,43.067688,http://farm6.staticflickr.com/5333/9121713577_5df2da0df3.jpg
10483520336,4,141.35117,43.068668,http://farm8.staticflickr.com/7351/10483520336_103e09635b.jpg
12746575753,-1,141.350833,43.067222,http://farm4.staticflickr.com/3806/12746575753_52a48f588d.jpg
2746413658,5,141.352329,43.068511,http://farm4.staticflickr.com/3049/2746413658_1dbb5f80db.jpg
8444279978,7,141.351213,43.068683,http://farm9.staticflickr.com/8505/8444279978_e7511aa4f3.jpg
6851325827,18,141.349583,43.066944,http://farm8.staticflickr.com/7029/6851325827_156cc2f813.jpg
9197343376,7,141.3508,43.068625,http://farm6.staticflickr.com/5346/9197343376_387d8e3814.jpg
4240871922,4,141.350801,43.068625,http://farm5.staticflickr.com/4017/4240871922_b9d3bd08b8.jpg
8237408790,6,141.352167,43.068167,http://farm9.staticflickr.com/8489/8237408790_e70516c679.jpg
9123940206,-1,141.350398,43.067688,http://farm4.staticflickr.com/3784/9123940206_65818e883f.jpg
3848401624,-1,141.351333,43.067333,http://farm4.staticflickr.com/3460/3848401624_a9e16fa81b.jpg
8405397830,6,141.352645,43.068112,http://farm9.staticflickr.com/8356/8405397830_60348c64cb.jpg
36522948,15,141.353015,43.068386,http://farm1.staticflickr.com/32/36522948_778171d25b.jpg
3213019136,8,141.352155,43.066816,http://farm4.staticflickr.com/3406/3213019136_99002c5cf6.jpg
3261816429,2,141.350269,43.066174,http://farm4.staticflickr.com/3379/3261816429_2322cf75d7.jpg
2738178498,8,141.352142,43.066932,http://farm4.staticflickr.com/3283/2738178498_8b59a1c3f3.jpg
9030644646,7,141.350709,43.068809,http://farm3.staticflickr.com/2842/9030644646_60f97c5e99.jpg
5461701659,6,141.352825,43.068113,http://farm6.staticflickr.com/5294/5461701659_fd94fe90ba.jpg
3206816510,7,141.350913,43.068483,http://farm4.staticflickr.com/3263/3206816510_cbd2a7e351.jpg
13655518664,4,141.350699,43.068567,http://farm8.staticflickr.com/7011/13655518664_5e7f75865d.jpg
3213021070,8,141.351977,43.067019,http://farm4.staticflickr.com/3461/3213021070_49963e0808.jpg
8270340837,-1,141.35,43.0685,http://farm9.staticflickr.com/8497/8270340837_26bd03fe1e.jpg
7688094456,-1,141.351342,43.067085,http://farm9.staticflickr.com/8423/7688094456_370877a3a2.jpg
4936294669,22,141.351084,43.068009,http://farm5.staticflickr.com/4073/4936294669_11fc7819ea.jpg
6145829852,9,141.350097,43.066881,http://farm7.staticflickr.com/6070/6145829852_6952227189.jpg
8181820285,-1,141.351234,43.068096,http://farm9.staticflickr.com/8070/8181820285_bca0dabd3b.jpg
9025359096,12,141.351792,43.067539,http://farm8.staticflickr.com/7354/9025359096_85f843bba5.jpg
6888477854,6,141.352972,43.068182,http://farm8.staticflickr.com/7244/6888477854_de3170e635.jpg
3262641966,2,141.350269,43.066174,http://farm4.staticflickr.com/3330/3262641966_99d25183ce.jpg
5197877232,16,141.350937,43.068514,http://farm5.staticflickr.com/4103/5197877232_6b487ce12d.jpg
9030628214,22,141.351009,43.068229,http://farm8.staticflickr.com/7441/9030628214_9056e75d8f.jpg
3261815671,2,141.350269,43.066174,http://farm4.staticflickr.com/3379/3261815671_505f021c9f.jpg
13504970884,6,141.35244,43.068281,http://farm3.staticflickr.com/2881/13504970884_22b49bd605.jpg
106822830,7,141.35044,43.068699,http://farm1.staticflickr.com/48/106822830_74c9d867af.jpg
4804139943,-1,141.352777,43.066944,http://farm5.staticflickr.com/4122/4804139943_69fd5e09aa.jpg
6028902303,21,141.349905,43.068097,http://farm7.staticflickr.com/6132/6028902303_cd208b23e9.jpg
4871285074,18,141.349518,43.066983,http://farm5.staticflickr.com/4102/4871285074_c230803775.jpg
6813943971,6,141.352667,43.068248,http://farm8.staticflickr.com/7160/6813943971_fdfb4849b2.jpg
6025461691,11,141.349905,43.068097,http://farm7.staticflickr.com/6128/6025461691_9cf6c715aa.jpg
8271404316,-1,141.35,43.068333,http://farm9.staticflickr.com/8075/8271404316_2a3b091ff8.jpg
4871281536,3,141.349448,43.066984,http://farm5.staticflickr.com/4097/4871281536_5c5a3de1be.jpg
3382105720,10,141.350763,43.066716,http://farm4.staticflickr.com/3624/3382105720_1d8bab920c.jpg
2746410300,-1,141.352329,43.068511,http://farm4.staticflickr.com/3223/2746410300_7dee0b8406.jpg
6752068847,-1,141.350784,43.066316,http://farm8.staticflickr.com/7023/6752068847_83a6847573.jpg
9066501730,7,141.350709,43.068809,http://farm8.staticflickr.com/7435/9066501730_7edfe52ac5.jpg
5338780062,25,141.352225,43.068642,http://farm6.staticflickr.com/5285/5338780062_36b5101e65.jpg
13965143473,6,141.352566,43.068672,http://farm8.staticflickr.com/7015/13965143473_a402bc117b.jpg
5855967712,-1,141.350784,43.068417,http://farm6.staticflickr.com/5269/5855967712_fd07965777.jpg
6814430592,0,141.351608,43.06673,http://farm8.staticflickr.com/7192/6814430592_bdcaae19e1.jpg
6814171139,24,141.352667,43.068248,http://farm8.staticflickr.com/7152/6814171139_728d2df80f.jpg
5410508802,-1,141.350913,43.068386,http://farm6.staticflickr.com/5134/5410508802_590d0a2741.jpg
2746412916,5,141.352329,43.068511,http://farm4.staticflickr.com/3026/2746412916_5bd7b6d7d9.jpg
6045394103,18,141.349955,43.067004,http://farm7.staticflickr.com/6193/6045394103_a286fca3de.jpg
6814265333,4,141.3508,43.068624,http://farm8.staticflickr.com/7166/6814265333_3f96fc7dc0.jpg
